county_conurbation,group_code,register,list,prevalence
Bedfordshire,AF,12645.647011147861,734527.7151546594,0.017216024324535176
Bedfordshire,AST,47721.21694150703,734527.7151546594,0.0649685722634156
Bedfordshire,CAN,20462.78987764078,734527.7151546594,0.02785843128238151
Bedfordshire,CHD,20507.147921521453,734527.7151546594,0.027918821166882105
Bedfordshire,CKD,18256.27609117468,566657.9826612322,0.03221745153123329
Bedfordshire,COPD,11407.416130420595,734527.7151546594,0.015530273255950177
Bedfordshire,CVDPP,5229.131010329247,409158.10307252425,0.012780221071174463
Bedfordshire,DEM,4832.601612238064,734493.5108822079,0.0065795021203571636
Bedfordshire,DEP,59920.47887594771,566657.9826612322,0.10574364203701732
Bedfordshire,DM,42119.62142086986,574929.2838753383,0.07326052542838059
Bedfordshire,EP,3999.303340741938,566657.9826612322,0.00705770228800052
Bedfordshire,HF,5321.529979137121,734527.7151546594,0.007244832113675438
Bedfordshire,HYP,99878.33648944291,734527.7151546594,0.13597626669323554
Bedfordshire,LD,3646.378157294796,734527.7151546594,0.004964248566886313
Bedfordshire,MH,7020.373967365315,734527.7151546594,0.00955767062633863
Bedfordshire,OB,59049.65557947263,566657.9826612322,0.10420687149266643
Bedfordshire,OST,1454.5538172107015,247997.11781288142,0.005865204523498496
Bedfordshire,PAD,3179.025786292062,734527.7151546594,0.004327986161315504
Bedfordshire,PC,3428.2483046972216,734527.7151546594,0.0046672824373623295
Bedfordshire,RA,4456.352853991433,583582.0878998165,0.007636205679356724
Bedfordshire,STIA,11181.097312658916,734527.7151546594,0.015222158513521395
Berkshire,AF,17487.635424800097,1015819.8534608097,0.017215292027637823
Berkshire,AST,62228.265349207104,1015819.8534608097,0.061259154501854665
Berkshire,CAN,28014.680331170526,1015819.8534608097,0.027578394176612075
Berkshire,CHD,23624.170809355695,1015819.8534608097,0.023256260181241984
Berkshire,CKD,29792.85193576901,789755.8802111639,0.037724128027768575
Berkshire,COPD,12193.828693995554,1015819.8534608097,0.012003928307221249
Berkshire,CVDPP,7581.744757770461,574079.6201626345,0.01320678263343085
Berkshire,DEM,6474.470745888278,1015781.7683651126,0.006373879653607933
Berkshire,DEP,83030.18418453651,789755.8802111639,0.10513398667235756
Berkshire,DM,49656.84172544849,801453.7078336645,0.06195846527389749
Berkshire,EP,5355.2405155709275,789755.8802111639,0.006780880838948677
Berkshire,HF,7535.4386103311135,1015819.8534608097,0.007418085583441327
Berkshire,HYP,131314.43244951474,1015819.8534608097,0.1292694093368405
Berkshire,LD,4126.209151086987,1015819.8534608097,0.004061949702035604
Berkshire,MH,7654.537069544773,1015819.8534608097,0.007535329264796738
Berkshire,OB,64699.91897109348,789755.8802111639,0.08192394712375436
Berkshire,OST,2583.8336975876323,331887.51020129735,0.0077852694607895255
Berkshire,PAD,3824.949049140718,1015819.8534608097,0.0037653812692373064
Berkshire,PC,4438.758752840274,1015819.8534608097,0.0043696318178049086
Berkshire,RA,5269.232687905554,813623.8073118401,0.006476251850735236
Berkshire,STIA,13699.367469887682,1015819.8534608097,0.013486020600222698
Buckinghamshire & MK,AF,17394.569162746964,867897.4015236024,0.02004219523207539
Buckinghamshire & MK,AST,55363.910028283884,867897.4015236024,0.06379084662667729
Buckinghamshire & MK,CAN,26809.006772923443,867897.4015236024,0.030889603685712124
Buckinghamshire & MK,CHD,23473.973476470284,867897.4015236024,0.02704694522101517
Buckinghamshire & MK,CKD,19114.099872144507,672572.8218714969,0.02841937594052304
Buckinghamshire & MK,COPD,12359.836453201231,867897.4015236024,0.014241126233934353
Buckinghamshire & MK,CVDPP,5917.769447834295,493618.30361008603,0.011988553513017215
Buckinghamshire & MK,DEM,6324.735450334526,867858.9058775764,0.007287746207937996
Buckinghamshire & MK,DEP,75651.8742769708,672572.8218714969,0.11248131327469103
Buckinghamshire & MK,DM,43054.73763024514,682699.8132504334,0.06306540121236484
Buckinghamshire & MK,EP,4573.286202501147,672572.8218714969,0.006799689273461199
Buckinghamshire & MK,HF,6388.551618765914,867897.4015236024,0.007360952582126354
Buckinghamshire & MK,HYP,118493.53368356725,867897.4015236024,0.13652942556983197
Buckinghamshire & MK,LD,3652.654121244466,867897.4015236024,0.004208624331438481
Buckinghamshire & MK,MH,6460.764676595822,867897.4015236024,0.007444157184079461
Buckinghamshire & MK,OB,55505.46100630527,672572.8218714969,0.08252706502748078
Buckinghamshire & MK,OST,2167.1158643849685,312952.4254590497,0.006924745386479003
Buckinghamshire & MK,PAD,4009.0842199318013,867897.4015236024,0.004619306628748761
Buckinghamshire & MK,PC,4706.960597322625,867897.4015236024,0.005423406717268089
Buckinghamshire & MK,RA,4523.596420006557,693323.6557310986,0.006524508983090297
Buckinghamshire & MK,STIA,12807.374292959204,867897.4015236024,0.014756783774759244
Cambridgeshire,AF,18623.32191763687,980996.8908915555,0.01898407843139188
Cambridgeshire,AST,62885.601474798634,980996.8908915555,0.0641037724570631
Cambridgeshire,CAN,28925.138352919334,980996.8908915555,0.02948545364565979
Cambridgeshire,CHD,26948.227538239575,980996.8908915555,0.0274702476515989
Cambridgeshire,CKD,20190.929731677323,783345.7888049295,0.02577524513469404
Cambridgeshire,COPD,16958.7409986452,980996.8908915555,0.01728725254494197
Cambridgeshire,CVDPP,6941.774891623183,545934.429475489,0.012715400452564515
Cambridgeshire,DEM,6713.7251998847905,981029.6434139912,0.006843549779516317
Cambridgeshire,DEP,79549.4466139873,783345.7888049295,0.1015508703191572
Cambridgeshire,DM,49420.9572188784,793754.1108977548,0.06226230080620574
Cambridgeshire,EP,5359.301594463468,783345.7888049295,0.0068415528251445715
Cambridgeshire,HF,7730.925169007164,980996.8908915555,0.007880682641084722
Cambridgeshire,HYP,124710.10585217467,980996.8908915555,0.127125893068667
Cambridgeshire,LD,4511.359447615274,980996.8908915555,0.004598749995543037
Cambridgeshire,MH,7826.867436209267,980996.8908915555,0.00797848342729813
Cambridgeshire,OB,70165.77962610942,783345.7888049295,0.089571911445588
Cambridgeshire,OST,3035.9681078114613,334067.8008454359,0.009087880065448516
Cambridgeshire,PAD,5370.09005732099,980996.8908915555,0.005474115267012226
Cambridgeshire,PC,4204.7378168859195,980996.8908915555,0.004286188728961765
Cambridgeshire,RA,5774.66275980331,804264.1248976097,0.007180057621665617
Cambridgeshire,STIA,14623.693705323993,980996.8908915555,0.014906972530803435
Cheshire,AF,29220.401893689323,1135384.9394701102,0.02573611898298266
Cheshire,AST,80160.88150855909,1135384.9394701102,0.07060238225986208
Cheshire,CAN,41715.95271055307,1135384.9394701102,0.036741682279159096
Cheshire,CHD,40795.06238463187,1135384.9394701102,0.03593060024529753
Cheshire,CKD,37393.2280702247,912525.3269111092,0.040977742718441006
Cheshire,COPD,23674.265824337614,1135384.9394701102,0.02085131218614412
Cheshire,CVDPP,8283.44981170575,657558.4972202199,0.012597281985896956
Cheshire,DEM,10511.742974377305,1135401.2003166291,0.0092581749706147
Cheshire,DEP,120583.09209629544,912525.3269111092,0.13214218667712843
Cheshire,DM,64542.59295374164,924220.4546035276,0.0698346294244582
Cheshire,EP,7920.513322768429,912525.3269111092,0.008679773688670431
Cheshire,HF,12347.547686048814,1135384.9394701102,0.01087520827236926
Cheshire,HYP,174523.52028193994,1135384.9394701102,0.1537130837435548
Cheshire,LD,5261.138553969412,1135384.9394701102,0.0046337927966745894
Cheshire,MH,9915.929176252037,1135384.9394701102,0.008733539464491973
Cheshire,OB,100995.65309317289,912525.3269111092,0.11067709587310016
Cheshire,OST,4881.584755374279,468745.15917278966,0.010414155026131845
Cheshire,PAD,8484.686568534074,1135384.9394701102,0.007472960291770225
Cheshire,PC,6649.550002127657,1135384.9394701102,0.0058566480591428615
Cheshire,RA,8809.772075331173,936310.7647970276,0.009409025727949358
Cheshire,STIA,23686.15027047308,1135384.9394701102,0.02086177951376343
Cornwall,AF,16561.779408776936,587496.8930354454,0.028190411907042575
Cornwall,AST,43208.907299969906,587496.8930354454,0.07354746520738278
Cornwall,CAN,22993.22797441355,587496.8930354454,0.039137616295489584
Cornwall,CHD,25202.024851213897,587496.8930354454,0.042897290436723017
Cornwall,CKD,22675.386933646365,480489.72968468704,0.047192240609443804
Cornwall,COPD,13790.291907228337,587496.8930354454,0.02347296142448932
Cornwall,CVDPP,4274.343358915746,339672.4926302966,0.012583719469942446
Cornwall,DEM,5207.670446714066,587497.4677688857,0.00886415811542306
Cornwall,DEP,52192.65836590671,480489.72968468704,0.10862387922455123
Cornwall,DM,33593.85919367271,486263.1359677908,0.06908576182073137
Cornwall,EP,4398.289306258342,480489.72968468704,0.00915376340956266
Cornwall,HF,8242.139656941798,587496.8930354454,0.014029248077137534
Cornwall,HYP,93603.69187190947,587496.8930354454,0.15932627556255363
Cornwall,LD,3196.3160280729626,587496.8930354454,0.005440566692290779
Cornwall,MH,5086.964076262619,587496.8930354454,0.008658708048615514
Cornwall,OB,51338.869781485606,480489.72968468704,0.10684696593863897
Cornwall,OST,2042.1661651578665,269750.1754877736,0.007570583268259736
Cornwall,PAD,3916.8324501879347,587496.8930354454,0.006666984109397871
Cornwall,PC,2187.047332840126,587496.8930354454,0.003722653445093496
Cornwall,RA,4589.279266652214,492199.90520787094,0.009324014933960668
Cornwall,STIA,16404.07165285435,587496.8930354454,0.02792197175392491
County Durham,AF,12833.970316905197,547743.1458835531,0.023430636080718065
County Durham,AST,40073.65488058634,547743.1458835531,0.07316139906405285
County Durham,CAN,18832.71407007262,547743.1458835531,0.03438238198251474
County Durham,CHD,24567.09237441835,547743.1458835531,0.04485148296066705
County Durham,CKD,18862.6576405666,446279.7279719841,0.04226644514256478
County Durham,COPD,17128.234556437757,547743.1458835531,0.031270559358271034
County Durham,CVDPP,4382.395555745118,308237.4760744678,0.014217594860809089
County Durham,DEM,5170.708268058503,547748.3092390839,0.009439934694169117
County Durham,DEP,59788.29115219629,446279.7279719841,0.1339704391769944
County Durham,DM,36584.47045419629,451644.24770412117,0.08100284823767605
County Durham,EP,4258.20313525485,446279.7279719841,0.009541556266974702
County Durham,HF,7751.677697063974,547743.1458835531,0.014152030482389522
County Durham,HYP,92759.55857864913,547743.1458835531,0.16934864320213558
County Durham,LD,3798.96493710323,547743.1458835531,0.006935668598783101
County Durham,MH,5264.618727257132,547743.1458835531,0.009611473492315245
County Durham,OB,68710.35849789882,446279.7279719841,0.15396253558309111
County Durham,OST,1801.407004243599,225416.79846623127,0.007991449690088026
County Durham,PAD,5157.055734659778,547743.1458835531,0.009415098615868644
County Durham,PC,4122.985635608573,547743.1458835531,0.007527224514982968
County Durham,RA,4024.957905150355,457265.7397345129,0.008802229328370924
County Durham,STIA,13181.247231726175,547743.1458835531,0.024064650248546295
Cumbria,AF,13817.381265672613,513618.4255010359,0.026902035790857246
Cumbria,AST,38810.401663809134,513618.4255010359,0.07556271297305875
Cumbria,CAN,21392.805002217356,513618.4255010359,0.04165116347091448
Cumbria,CHD,23363.403620382906,513618.4255010359,0.04548786114437358
Cumbria,CKD,21818.076151529105,421579.95699816744,0.051753115368394866
Cumbria,COPD,12227.81645339846,513618.4255010359,0.02380719975431216
Cumbria,CVDPP,3681.8173822149,301267.6289264827,0.012221085270045264
Cumbria,DEM,5317.2572197816335,513602.2203107247,0.01035287039172989
Cumbria,DEP,58758.287457260114,421579.95699816744,0.139376378031927
Cumbria,DM,32983.73543087952,426765.29436808144,0.0772877641789478
Cumbria,EP,4125.602995889591,421579.95699816744,0.009786051085696003
Cumbria,HF,6357.3028093566245,513618.4255010359,0.012377481986077625
Cumbria,HYP,85002.60369126553,513618.4255010359,0.165497574601895
Cumbria,LD,2851.3996229074614,513618.4255010359,0.005551591378611301
Cumbria,MH,4869.566061731286,513618.4255010359,0.0094809022027997035
Cumbria,OB,48570.215393863706,421579.95699816744,0.1152099728357694
Cumbria,OST,1598.5937660448476,237086.20565247652,0.006742668818058876
Cumbria,PAD,5116.235139191012,513618.4255010359,0.009961159656996562
Cumbria,PC,3665.4075431159627,513618.4255010359,0.007136440908521438
Cumbria,RA,4621.3256680816785,432212.496886393,0.01069225369782955
Cumbria,STIA,13197.637761992157,513618.4255010359,0.02569541337836125
Derbyshire,AF,25779.183012100308,1097692.071260266,0.02348489497833677
Derbyshire,AST,77577.59236006132,1097692.071260266,0.07067336495470362
Derbyshire,CAN,37457.19479024285,1097692.071260266,0.034123590550524836
Derbyshire,CHD,39702.25573220361,1097692.071260266,0.036168846228998665
Derbyshire,CKD,51412.67219195462,882580.0758268939,0.05825269978340018
Derbyshire,COPD,24947.86355979795,1097692.071260266,0.022727561046473787
Derbyshire,CVDPP,7839.36145715585,629053.4791582028,0.012462154199745397
Derbyshire,DEM,10127.297385548292,1097693.2388067774,0.009225981383065584
Derbyshire,DEP,113851.0206988223,882580.0758268939,0.12899795023375607
Derbyshire,DM,67921.70990479215,893953.5539447329,0.07597901435155689
Derbyshire,EP,7919.928565015334,882580.0758268939,0.0089736090604528
Derbyshire,HF,12363.856444885736,1097692.071260266,0.011263501640027998
Derbyshire,HYP,172511.07350338338,1097692.071260266,0.15715798448404797
Derbyshire,LD,7641.6054018624045,1097692.071260266,0.006961520085581959
Derbyshire,MH,9759.70790954842,1097692.071260266,0.008891116338613295
Derbyshire,OB,104368.20973275248,882580.0758268939,0.11825353029295314
Derbyshire,OST,3243.7566715562416,449439.2168866384,0.007217342300537185
Derbyshire,PAD,9122.272368423337,1097692.071260266,0.008310411095481458
Derbyshire,PC,8787.211191442242,1097692.071260266,0.00800516959310237
Derbyshire,RA,7460.2449171419275,905720.5874156377,0.008236806163840019
Derbyshire,STIA,23434.492922363803,1097692.071260266,0.02134887691723831
Devon,AF,34551.78994962829,1247218.895405614,0.027703068063598842
Devon,AST,93050.42836273494,1247218.895405614,0.07460633310279793
Devon,CAN,48898.15628373829,1247218.895405614,0.03920575326742134
Devon,CHD,48245.93115434388,1247218.895405614,0.038682809675244366
Devon,CKD,50548.66531853646,1020418.2058924894,0.04953720447816298
Devon,COPD,28801.234293218546,1247218.895405614,0.023092365261073083
Devon,CVDPP,7571.835690818435,699618.0763521531,0.010822813112975012
Devon,DEM,11792.567805915589,1247220.5554286481,0.009455078137212618
Devon,DEP,125967.9436598784,1020418.2058924894,0.12344736984548696
Devon,DM,73370.46283687082,1032902.2633057286,0.07103330628984585
Devon,EP,9425.394287357092,1020418.2058924894,0.009236795495150295
Devon,HF,12901.622148966324,1247218.895405614,0.010344312611436604
Devon,HYP,196450.4129016742,1247218.895405614,0.1575107734699494
Devon,LD,6850.144858364849,1247218.895405614,0.005492335694719475
Devon,MH,12113.035689596407,1247218.895405614,0.009712036703594896
Devon,OB,107286.85521482072,1020418.2058924894,0.10514008334551843
Devon,OST,6140.548127663233,552572.2180342744,0.011112661706930682
Devon,PAD,9431.33827389094,1247218.895405614,0.007561894955755725
Devon,PC,4558.05169161314,1247218.895405614,0.0036545723516566786
Devon,RA,9197.69378457296,1045714.7705669139,0.008795604732241289
Devon,STIA,30119.853664130325,1247218.895405614,0.024149613011062426
Dorset,AF,25104.13678424082,815691.2031107885,0.03077652019355067
Dorset,AST,60441.54575817988,815691.2031107885,0.07409856270078054
Dorset,CAN,36003.297937677125,815691.2031107885,0.04413839183305143
Dorset,CHD,34870.06740054933,815691.2031107885,0.04274910317478711
Dorset,CKD,41411.68621613932,672729.4099548481,0.061557716376512764
Dorset,COPD,17884.377230679278,815691.2031107885,0.021925426144690435
Dorset,CVDPP,5348.763960515119,466711.3645703229,0.011460539353781218
Dorset,DEM,8618.907452056053,815640.8479319942,0.010567037531174104
Dorset,DEP,77940.11625623301,672729.4099548481,0.11585656149842498
Dorset,DM,46424.33476174104,680962.9248134587,0.06817454088922449
Dorset,EP,5162.085725392243,672729.4099548481,0.0076733462949668116
Dorset,HF,9814.923957219427,815691.2031107885,0.012032646569913234
Dorset,HYP,131132.7274535258,815691.2031107885,0.1607627089190456
Dorset,LD,4710.03397964019,815691.2031107885,0.005774285614062784
Dorset,MH,8022.329280226622,815691.2031107885,0.009835007720607986
Dorset,OB,62809.621341745085,672729.4099548481,0.09336535672784205
Dorset,OST,5224.206036872612,367714.5670574204,0.014207231654373993
Dorset,PAD,5653.9782809998615,815691.2031107885,0.00693151802966291
Dorset,PC,6352.541469577052,815691.2031107885,0.007787924456400249
Dorset,RA,6399.36542919019,689211.0549188625,0.009285059175296538
Dorset,STIA,20760.59639319589,815691.2031107885,0.025451538908377994
East Sussex & Brighton,AF,23294.138194138166,890371.8825164827,0.026162257200105305
East Sussex & Brighton,AST,58415.08908211431,890371.8825164827,0.06560751774529776
East Sussex & Brighton,CAN,32094.720709590576,890371.8825164827,0.03604642210722151
East Sussex & Brighton,CHD,27845.44659934218,890371.8825164827,0.03127395097051113
East Sussex & Brighton,CKD,33812.58054227416,732116.3818937142,0.046184706938005575
East Sussex & Brighton,COPD,17993.37928394132,890371.8825164827,0.020208835922677765
East Sussex & Brighton,CVDPP,6375.368491875415,505381.10106613697,0.012614972104073792
East Sussex & Brighton,DEM,8686.802733291264,890369.8052392568,0.009756398613446892
East Sussex & Brighton,DEP,97797.48847385797,732116.3818937142,0.13358188792455655
East Sussex & Brighton,DM,44301.23039109486,741417.0476951556,0.059752106495007326
East Sussex & Brighton,EP,5796.560714112608,732116.3818937142,0.007917539966964064
East Sussex & Brighton,HF,7830.240186076693,890371.8825164827,0.008794348002034687
East Sussex & Brighton,HYP,128397.48831625715,890371.8825164827,0.14420658472880318
East Sussex & Brighton,LD,4911.779782140502,890371.8825164827,0.005516548622647654
East Sussex & Brighton,MH,10470.681716273426,890371.8825164827,0.011759897096794935
East Sussex & Brighton,OB,60466.531840597774,732116.3818937142,0.08259142034794144
East Sussex & Brighton,OST,2771.2715029190117,363313.7085181578,0.007627764760713697
East Sussex & Brighton,PAD,5347.200838106078,890371.8825164827,0.006005581424014801
East Sussex & Brighton,PC,4604.432362319302,890371.8825164827,0.005171358679146142
East Sussex & Brighton,RA,5492.675006129862,750761.3815040026,0.007316139510434552
East Sussex & Brighton,STIA,17775.184705273357,890371.8825164827,0.01996377587198156
Essex,AF,40434.23561984199,1939933.3885459069,0.020843105159476533
Essex,AST,125255.84356719356,1939933.3885459069,0.06456708478072029
Essex,CAN,62316.79375489014,1939933.3885459069,0.03212316161102841
Essex,CHD,59015.52147521885,1939933.3885459069,0.030421416438146064
Essex,CKD,66554.32947694801,1534504.9036862364,0.04337185845224026
Essex,COPD,37513.40607249414,1939933.3885459069,0.019337471221428187
Essex,CVDPP,14894.9128875726,1090908.8546766678,0.013653673103595141
Essex,DEM,16784.64978516301,1939765.7036952998,0.008652926357646107
Essex,DEP,163903.30705620925,1534504.9036862364,0.10681184964771082
Essex,DM,107475.83273817472,1555174.9765122903,0.06910851470823248
Essex,EP,12163.024978150479,1534504.9036862364,0.007926351326041432
Essex,HF,17756.96382306655,1939933.3885459069,0.009153388424525458
Essex,HYP,293107.56899217237,1939933.3885459069,0.15109156361903414
Essex,LD,8569.685975348857,1939933.3885459069,0.004417515583755346
Essex,MH,16033.305196181434,1939933.3885459069,0.008264874088382659
Essex,OB,145348.96520814011,1534504.9036862364,0.0947204305825144
Essex,OST,4210.852298550422,754314.0283112922,0.005582359787179614
Essex,PAD,9614.693526627085,1939933.3885459069,0.004956197766065492
Essex,PC,10029.246897513282,1939933.3885459069,0.005169892408022724
Essex,RA,13582.684624713864,1576742.2123764942,0.008614397786840372
Essex,STIA,34263.746249581236,1939933.3885459069,0.017662331321212997
Gloucestershire,AF,16817.039320738175,653268.9024896229,0.02574290503749382
Gloucestershire,AST,47668.69799728985,653268.9024896229,0.0729694890046401
Gloucestershire,CAN,23336.963419442945,653268.9024896229,0.03572336495814394
Gloucestershire,CHD,21510.217632153195,653268.9024896229,0.032927049719001254
Gloucestershire,CKD,32591.460839320647,524221.46752191836,0.0621711678336751
Gloucestershire,COPD,12129.43125905767,653268.9024896229,0.018567287089332012
Gloucestershire,CVDPP,4100.350085862841,369724.67491124285,0.011090279778722322
Gloucestershire,DEM,6296.483857196949,653256.7317524635,0.009638605392256189
Gloucestershire,DEP,57189.3986522577,524221.46752191836,0.10909396542381497
Gloucestershire,DM,36362.172503843074,531516.1578572525,0.06841216765720363
Gloucestershire,EP,4807.643407935394,524221.46752191836,0.00917101588887979
Gloucestershire,HF,6328.889398110313,653268.9024896229,0.009688031029780797
Gloucestershire,HYP,93108.76411030476,653268.9024896229,0.14252747031959598
Gloucestershire,LD,4082.2623413341335,653268.9024896229,0.006248976992133771
Gloucestershire,MH,5040.097570688961,653268.9024896229,0.007715195919293008
Gloucestershire,OB,52469.10579423495,524221.46752191836,0.10008957863222408
Gloucestershire,OST,2681.556896790296,273359.9488172026,0.009809618813557318
Gloucestershire,PAD,3621.63594964041,653268.9024896229,0.005543867059702784
Gloucestershire,PC,3247.331895215056,653268.9024896229,0.004970896185076925
Gloucestershire,RA,4643.620787284208,539021.2535866047,0.008614912225419541
Gloucestershire,STIA,13092.088848913387,653268.9024896229,0.020040887908515364
Greater Manchester,AF,55508.44482753928,3083594.6614952935,0.018001213168731517
Greater Manchester,AST,213776.63966075698,3083594.6614952935,0.06932708839140765
Greater Manchester,CAN,84876.23310877281,3083594.6614952935,0.027525094062659558
Greater Manchester,CHD,98844.60152023988,3083594.6614952935,0.03205499177778063
Greater Manchester,CKD,92399.99508840896,2403874.6161850775,0.03843794283873538
Greater Manchester,COPD,71760.92536658945,3083594.6614952935,0.023271841225652925
Greater Manchester,CVDPP,19441.09902023806,1684833.68149004,0.01153888317513018
Greater Manchester,DEM,22451.16855316589,3083596.4896654715,0.007280838666281379
Greater Manchester,DEP,323643.9517398243,2403874.6161850775,0.1346342898089434
Greater Manchester,DM,181130.94854619197,2437569.86880585,0.07430800276298413
Greater Manchester,EP,21342.46670670405,2403874.6161850775,0.008878361027237897
Greater Manchester,HF,27563.315399678453,3083594.6614952935,0.008938696043244697
Greater Manchester,HYP,416560.3555866419,3083594.6614952935,0.13508920636950508
Greater Manchester,LD,16418.112689785194,3083594.6614952935,0.005324342039762042
Greater Manchester,MH,31850.38293087401,3083594.6614952935,0.010328978490133056
Greater Manchester,OB,278412.9642837436,2403874.6161850775,0.11581842181335643
Greater Manchester,OST,7792.374660397394,1017872.9575657491,0.0076555473868103515
Greater Manchester,PAD,22522.73937013737,3083594.6614952935,0.00730405317254495
Greater Manchester,PC,14884.68334613562,3083594.6614952935,0.004827055751522723
Greater Manchester,RA,17469.48419006915,2472632.07456704,0.007065136932322643
Greater Manchester,STIA,54997.66716028332,3083594.6614952935,0.017835569586053802
Hampshire & IoW,AF,49552.39411405514,2080968.6167432792,0.023812177519334603
Hampshire & IoW,AST,142557.8021496899,2080968.6167432792,0.06850550315977047
Hampshire & IoW,CAN,76072.68627489313,2080968.6167432792,0.0365563832451962
Hampshire & IoW,CHD,63325.883726915185,2080968.6167432792,0.030430965280975907
Hampshire & IoW,CKD,61423.5033562041,1677028.643680281,0.03662638893358953
Hampshire & IoW,COPD,40362.670079376956,2080968.6167432792,0.019396097449342908
Hampshire & IoW,CVDPP,14326.596126405968,1168180.619415985,0.012264024833392924
Hampshire & IoW,DEM,18307.396556799093,2080989.9030815966,0.008797446123928286
Hampshire & IoW,DEP,212063.06049927598,1677028.643680281,0.12645166276581796
Hampshire & IoW,DM,112746.82518598187,1697743.8877815746,0.06640979596357555
Hampshire & IoW,EP,13481.306173028728,1677028.643680281,0.008038804956511457
Hampshire & IoW,HF,20662.590192683234,2080968.6167432792,0.009929313698646853
Hampshire & IoW,HYP,307644.2971618807,2080968.6167432792,0.14783706716507083
Hampshire & IoW,LD,9958.328661690475,2080968.6167432792,0.004785429526215193
Hampshire & IoW,MH,18157.444238213295,2080968.6167432792,0.008725477209084363
Hampshire & IoW,OB,178126.91115881098,1677028.643680281,0.10621578339169392
Hampshire & IoW,OST,11988.71754301074,824749.1424143807,0.014536198859103778
Hampshire & IoW,PAD,12561.394881377446,2080968.6167432792,0.006036321153673167
Hampshire & IoW,PC,9152.674306692606,2080968.6167432792,0.004398275991791056
Hampshire & IoW,RA,13465.27614454606,1719405.707615553,0.00783135480178178
Hampshire & IoW,STIA,40773.79090101853,2080968.6167432792,0.019593659689510174
Herefordshire,AF,5179.9559239146765,188767.93698075943,0.027440867378037057
Herefordshire,AST,13072.263969218364,188767.93698075943,0.06925044675648906
Herefordshire,CAN,7748.820382233734,188767.93698075943,0.04104945207418116
Herefordshire,CHD,6738.924773642617,188767.93698075943,0.03569952016972827
Herefordshire,CKD,7256.755304896698,154566.01428831238,0.046949229675811235
Herefordshire,COPD,4701.03141552968,188767.93698075943,0.024903760091465336
Herefordshire,CVDPP,1459.3740042150973,109893.4107499452,0.013279904538915453
Herefordshire,DEM,1830.5881969236366,188764.0845681003,0.009697756864671024
Herefordshire,DEP,16661.582057234747,154566.01428831238,0.10779589636151099
Herefordshire,DM,11063.068261369452,156425.40844292432,0.07072424084739459
Herefordshire,EP,1363.1701048028021,154566.01428831238,0.008819339174134862
Herefordshire,HF,1990.3575942102207,188767.93698075943,0.010543938902151015
Herefordshire,HYP,31437.88404461331,188767.93698075943,0.1665424994702235
Herefordshire,LD,1055.4326508455688,188767.93698075943,0.0055911648330041665
Herefordshire,MH,1496.1454641465757,188767.93698075943,0.007925845289600603
Herefordshire,OB,17367.02568093789,154566.01428831238,0.11235992440448865
Herefordshire,OST,985.1129645729052,88847.07734638294,0.01108773629921784
Herefordshire,PAD,1351.8318415333447,188767.93698075943,0.007161342456537696
Herefordshire,PC,987.9890063827831,188767.93698075943,0.005233881464114777
Herefordshire,RA,1680.5139388369762,158364.60035652074,0.010611676694499235
Herefordshire,STIA,4634.047617351796,188767.93698075943,0.024548912762786253
Hertfordshire,AF,25114.750956130523,1275677.7852668748,0.019687378150021213
Hertfordshire,AST,78865.54055485092,1275677.7852668748,0.061822461334428626
Hertfordshire,CAN,39754.46666055349,1275677.7852668748,0.03116340749967419
Hertfordshire,CHD,33975.13597042745,1275677.7852668748,0.026633007459105178
Hertfordshire,CKD,31169.217123280505,998444.7960769243,0.03121776711717079
Hertfordshire,COPD,19313.953529837498,1275677.7852668748,0.015140150399183264
Hertfordshire,CVDPP,8164.828248945273,722842.1870097066,0.011295450647010496
Hertfordshire,DEM,9831.914884732749,1275627.2317007736,0.007707514107882452
Hertfordshire,DEP,105205.40000525975,998444.7960769243,0.10536927070843714
Hertfordshire,DM,62009.10406930888,1012729.8534233342,0.06122965947898079
Hertfordshire,EP,7191.681711882766,998444.7960769243,0.007202883664815745
Hertfordshire,HF,8784.61875922032,1275677.7852668748,0.006886236368365196
Hertfordshire,HYP,166299.06987960264,1275677.7852668748,0.13036134343658926
Hertfordshire,LD,6278.369378878602,1275677.7852668748,0.004921594975932855
Hertfordshire,MH,10333.585448369691,1275677.7852668748,0.008100466722643352
Hertfordshire,OB,87579.11700620744,998444.7960769243,0.0877155325465385
Hertfordshire,OST,3125.649380406937,456560.0905493613,0.0068460854225036675
Hertfordshire,PAD,5725.839183170521,1275677.7852668748,0.004488468208273033
Hertfordshire,PC,5783.833530865961,1275677.7852668748,0.004533929803955917
Hertfordshire,RA,7492.6413772955275,1027696.0567492797,0.0072907172583649
Hertfordshire,STIA,20278.988053993486,1275677.7852668748,0.01589663807600998
Humberside,AF,23499.04605143453,974939.3535654366,0.024103084941126347
Humberside,AST,66128.3201500451,974939.3535654366,0.06782813711253749
Humberside,CAN,35278.78796265433,974939.3535654366,0.03618562306838552
Humberside,CHD,40398.682617224964,974939.3535654366,0.04143712372414092
Humberside,CKD,36082.02388604263,782753.8523781069,0.04609625845522293
Humberside,COPD,25893.150600529167,974939.3535654366,0.026558729531058214
Humberside,CVDPP,7473.918704781425,555846.6345704638,0.01344600873684694
Humberside,DEM,8753.606014532861,974941.2511789397,0.008978598458058509
Humberside,DEP,87919.0403398178,782753.8523781069,0.11232016306621609
Humberside,DM,61876.01899210301,792595.6326577696,0.07806757499359085
Humberside,EP,7850.081501845322,782753.8523781069,0.010028799574726799
Humberside,HF,8936.97593186226,974939.3535654366,0.009166699343070905
Humberside,HYP,160011.19895665697,974939.3535654366,0.16412425898234834
Humberside,LD,5440.484838289036,974939.3535654366,0.005580331554360502
Humberside,MH,7914.523471432643,974939.3535654366,0.00811796492006252
Humberside,OB,100100.90326749066,782753.8523781069,0.1278829902444699
Humberside,OST,2628.098302799341,404193.2663752714,0.006502083338417852
Humberside,PAD,7743.902983923836,974939.3535654366,0.007942958662611906
Humberside,PC,5578.459745039461,974939.3535654366,0.005721853082079985
Humberside,RA,7144.466722046277,802983.462310042,0.008897402072880685
Humberside,STIA,20170.996565145484,974939.3535654366,0.0206894885219049
Inner London,AF,35701.45281408395,4182730.6790405316,0.008535441450481683
Inner London,AST,194062.77471686303,4182730.6790405316,0.04639619177235162
Inner London,CAN,75547.44577101184,4182730.6790405316,0.01806175237377261
Inner London,CHD,61722.11933200722,4182730.6790405316,0.014756417294877215
Inner London,CKD,67768.57665157263,3441798.2111164876,0.019689875028899247
Inner London,COPD,45438.45083253059,4182730.6790405316,0.01086334605768919
Inner London,CVDPP,21369.579864193915,2387043.3431700985,0.008952321676662215
Inner London,DEM,16334.159852469345,4183778.1800789186,0.003904164883846981
Inner London,DEP,288700.2772659757,3441798.2111164876,0.0838806517864753
Inner London,DM,194566.57640906514,3477564.249423349,0.055949096106945616
Inner London,EP,16468.425305109373,3441798.2111164876,0.004784831734736467
Inner London,HF,20236.594364312212,4182730.6790405316,0.004838129900573528
Inner London,HYP,386238.4505868548,4182730.6790405316,0.09234121922367071
Inner London,LD,15068.873195665765,4182730.6790405316,0.003602640081795174
Inner London,MH,52714.88352550698,4182730.6790405316,0.012602982972262308
Inner London,OB,265439.07518218266,3441798.2111164876,0.07712220731734203
Inner London,OST,3908.543440191747,949670.1264104219,0.004115685364312049
Inner London,PAD,12806.475570690283,4182730.6790405316,0.0030617499794722467
Inner London,PC,10396.292501550597,4182730.6790405316,0.0024855275893439503
Inner London,RA,15406.625534465686,3514186.6242387206,0.00438412275210433
Inner London,STIA,37680.98109810511,4182730.6790405316,0.009008703641121996
Kent,AF,44022.67753226412,1926655.6090724154,0.022849271725037954
Kent,AST,115859.70039263874,1926655.6090724154,0.06013513772106846
Kent,CAN,66540.85308506143,1926655.6090724154,0.03453697317347618
Kent,CHD,55675.83208152019,1926655.6090724154,0.02889765655021512
Kent,CKD,66617.10472881632,1514945.658252288,0.04397326357281286
Kent,COPD,39620.43946471361,1926655.6090724154,0.020564359960412847
Kent,CVDPP,12151.576972219475,1072115.713700708,0.011334202844835562
Kent,DEM,14832.794430563847,1926608.168760306,0.0076989159866939355
Kent,DEP,196050.7812839405,1514945.658252288,0.1294110981578797
Kent,DM,107493.3561098892,1536964.854291441,0.06993872098620298
Kent,EP,12832.737325161166,1514945.658252288,0.008470757518765136
Kent,HF,14867.558288908318,1926655.6090724154,0.007716770043851415
Kent,HYP,284925.05638168496,1926655.6090724154,0.14788582611235931
Kent,LD,8855.653143673268,1926655.6090724154,0.0045963861428959816
Kent,MH,15620.877186827916,1926655.6090724154,0.008107768255660676
Kent,OB,145805.197139478,1514945.658252288,0.0962445064251913
Kent,OST,6125.316890494935,745891.9248818622,0.008212070255975878
Kent,PAD,10065.654552905875,1926655.6090724154,0.00522441816041631
Kent,PC,7202.720246082495,1926655.6090724154,0.0037384575697730587
Kent,RA,13527.743272100737,1559600.5449123362,0.00867385133727375
Kent,STIA,33835.1835238591,1926655.6090724154,0.017561614729966705
Lancashire,AF,36720.98165375568,1607301.2709369261,0.02284635887356098
Lancashire,AST,121077.73129066237,1607301.2709369261,0.07532982987071483
Lancashire,CAN,55478.92265125729,1607301.2709369261,0.03451681626489201
Lancashire,CHD,62810.62738268191,1607301.2709369261,0.039078316254965946
Lancashire,CKD,64127.90856328405,1279855.9702963375,0.05010556660405772
Lancashire,COPD,41585.780250239295,1607301.2709369261,0.025873046330634804
Lancashire,CVDPP,12442.982330258414,897842.7894771884,0.013858753977969719
Lancashire,DEM,14659.895715902358,1607306.0084448445,0.009120786980748363
Lancashire,DEP,187312.27410654142,1279855.9702963375,0.14635418238754724
Lancashire,DM,97020.0456079363,1297030.6491521965,0.07480165998494594
Lancashire,EP,12277.117091603359,1279855.9702963375,0.009592577115345814
Lancashire,HF,17750.162646398705,1607301.2709369261,0.011043457108729716
Lancashire,HYP,251521.66599259095,1607301.2709369261,0.15648694525449747
Lancashire,LD,8038.229669817221,1607301.2709369261,0.005001072179288197
Lancashire,MH,17399.057987358574,1607301.2709369261,0.010825013519224269
Lancashire,OB,152167.06816234527,1279855.9702963375,0.118893900324669
Lancashire,OST,5154.704555184546,633505.9321491547,0.008136789718286182
Lancashire,PAD,14479.30101314791,1607301.2709369261,0.009008454901990872
Lancashire,PC,10944.377736660874,1607301.2709369261,0.006809163866510969
Lancashire,RA,11070.763385190587,1314988.1803835826,0.008418907143303175
Lancashire,STIA,33921.537357782036,1607301.2709369261,0.021104654100104415
Leicestershire & Rutland,AF,22949.955978856804,1175590.3493313626,0.019522069053994864
Leicestershire & Rutland,AST,72481.18522886322,1175590.3493313626,0.06165513800797034
Leicestershire & Rutland,CAN,32234.394719682048,1175590.3493313626,0.027419751053601213
Leicestershire & Rutland,CHD,33027.79656678989,1175590.3493313626,0.02809464758329721
Leicestershire & Rutland,CKD,33174.59931052382,933934.3591848806,0.03552133935780878
Leicestershire & Rutland,COPD,19774.16014322928,1175590.3493313626,0.016820621362259546
Leicestershire & Rutland,CVDPP,8490.973442681503,641221.0817800062,0.013241881285485611
Leicestershire & Rutland,DEM,9594.273446591826,1175559.588939931,0.008161452245260938
Leicestershire & Rutland,DEP,113173.82200868962,933934.3591848806,0.121179632054083
Leicestershire & Rutland,DM,73862.38404222377,946968.4062545158,0.07799878386055875
Leicestershire & Rutland,EP,6908.387749789229,933934.3591848806,0.007397080621189194
Leicestershire & Rutland,HF,12043.245823762629,1175590.3493313626,0.010244423859563354
Leicestershire & Rutland,HYP,166710.94353918848,1175590.3493313626,0.14181040498844535
Leicestershire & Rutland,LD,5514.728642041982,1175590.3493313626,0.004691029188167953
Leicestershire & Rutland,MH,10103.4150910567,1175590.3493313626,0.00859433313381927
Leicestershire & Rutland,OB,87935.87946808044,933934.3591848806,0.09415638112386092
Leicestershire & Rutland,OST,2932.0083970487344,421813.271548356,0.006950962890015692
Leicestershire & Rutland,PAD,5733.854053076206,1175590.3493313626,0.0048774252496521725
Leicestershire & Rutland,PC,9797.606745901136,1175590.3493313626,0.008334201409082418
Leicestershire & Rutland,RA,7531.907147420926,960473.7702009743,0.007841866567417985
Leicestershire & Rutland,STIA,19429.677249630346,1175590.3493313626,0.016527591656975843
Lincolnshire,AF,21376.619723285025,789415.3989499658,0.027079050841570803
Lincolnshire,AST,56073.289835513075,789415.3989499658,0.07103141123177795
Lincolnshire,CAN,30948.714527300588,789415.3989499658,0.039204599464954394
Lincolnshire,CHD,32794.3240088964,789415.3989499658,0.041542544080743156
Lincolnshire,CKD,44497.81594457435,641516.7587092465,0.06936345051079486
Lincolnshire,COPD,18477.405074945676,789415.3989499658,0.023406441145591077
Lincolnshire,CVDPP,6750.306260858243,448959.98548081116,0.015035429613240567
Lincolnshire,DEM,7783.317344300884,789371.0715944447,0.009860150218805737
Lincolnshire,DEP,81288.58532762114,641516.7587092465,0.12671311267249905
Lincolnshire,DM,51212.37002412675,649472.3830903833,0.07885226740580258
Lincolnshire,EP,5820.145015460504,641516.7587092465,0.009072475405273641
Lincolnshire,HF,11409.123157736001,789415.3989499658,0.01445262300800282
Lincolnshire,HYP,134241.57339850828,789415.3989499658,0.17005188089448034
Lincolnshire,LD,5175.137908615482,789415.3989499658,0.0065556586753933955
Lincolnshire,MH,6360.278203944161,789415.3989499658,0.00805694721993545
Lincolnshire,OB,81108.25201233003,641516.7587092465,0.12643200806713545
Lincolnshire,OST,4464.094120710138,347150.8902558664,0.012859232817809835
Lincolnshire,PAD,5756.598234482617,789415.3989499658,0.0072922294677044645
Lincolnshire,PC,5410.5253856836425,789415.3989499658,0.006853838160340433
Lincolnshire,RA,5742.608163473549,657748.3887872278,0.008730706545799233
Lincolnshire,STIA,18384.10591733567,789415.3989499658,0.02328825348706034
Merseyside,AF,37516.98542266718,1523836.7001600573,0.024620082597253734
Merseyside,AST,106438.91412233902,1523836.7001600573,0.06984929166698711
Merseyside,CAN,52505.386533241595,1523836.7001600573,0.03445604540678582
Merseyside,CHD,57790.201873829355,1523836.7001600573,0.03792414362231814
Merseyside,CKD,65680.9150641052,1228876.1026660516,0.053447955348476704
Merseyside,COPD,44983.9502095365,1523836.7001600573,0.02952019084775395
Merseyside,CVDPP,11288.831793755542,853453.5044782041,0.013227237025240713
Merseyside,DEM,12474.578376134008,1523811.2050198906,0.00818643302729302
Merseyside,DEP,186863.18220907502,1228876.1026660516,0.15206022950863363
Merseyside,DM,90335.72180669974,1244050.5358097267,0.07261418986319723
Merseyside,EP,12655.41653396766,1228876.1026660516,0.010298366537124194
Merseyside,HF,17370.567195617718,1523836.7001600573,0.011399231422758874
Merseyside,HYP,239035.71162286925,1523836.7001600573,0.15686438815770873
Merseyside,LD,8600.283557747234,1523836.7001600573,0.005643835429901312
Merseyside,MH,18386.25885657719,1523836.7001600573,0.01206576718794473
Merseyside,OB,155209.6979754554,1228876.1026660516,0.12630215335681713
Merseyside,OST,5008.007641259153,582416.9253698026,0.008598664329817244
Merseyside,PAD,12891.450663381902,1523836.7001600573,0.008459863620575511
Merseyside,PC,8510.55494984603,1523836.7001600573,0.005584952081120055
Merseyside,RA,9613.296765894684,1259777.8286921994,0.007630946145380602
Merseyside,STIA,31036.987090769948,1523836.7001600573,0.020367659531700447
Mid Wales,AF,173.04973271760758,5281.664677018518,0.03276424068922406
Mid Wales,AST,392.5316536296718,5281.664677018518,0.07431968472698547
Mid Wales,CAN,252.45408277157117,5281.664677018518,0.04779820344711483
Mid Wales,CHD,211.52969586425792,5281.664677018518,0.04004981550318066
Mid Wales,CKD,297.23230635015653,4470.942703978051,0.06648090258139343
Mid Wales,COPD,107.23089681895308,5281.664677018518,0.020302481012385014
Mid Wales,CVDPP,50.083940436491396,3145.328994594301,0.01592327560092055
Mid Wales,DEM,61.34102063576193,5286.934099026842,0.011602380413073973
Mid Wales,DEP,490.766829327124,4470.942703978051,0.10976808736342358
Mid Wales,DM,322.7418425651388,4533.087744814163,0.07119691052403616
Mid Wales,EP,34.824266589068905,4470.942703978051,0.007789020995076448
Mid Wales,HF,55.44044194290412,5281.664677018518,0.010496774281058689
Mid Wales,HYP,992.1442710422822,5281.664677018518,0.1878468876222457
Mid Wales,LD,28.2524242988551,5281.664677018518,0.005349151456317651
Mid Wales,MH,42.24286782948673,5281.664677018518,0.007998021535386961
Mid Wales,OB,527.1032727757565,4470.942703978051,0.11789533162810673
Mid Wales,OST,33.690415966687915,2957.6315398403794,0.011391011866375401
Mid Wales,PAD,41.706918863391806,5281.664677018518,0.007896548041920606
Mid Wales,PC,38.61350984823175,5281.664677018518,0.0073108597780253155
Mid Wales,RA,50.37705891820456,4595.7112015044295,0.01096175471202659
Mid Wales,STIA,148.58969718359123,5281.664677018518,0.028133118300775885
Norfolk,AF,25462.390118836436,949670.2273914098,0.026811823077551346
Norfolk,AST,72147.51096862227,949670.2273914098,0.07597112017168295
Norfolk,CAN,36237.77717490189,949670.2273914098,0.03815827445116521
Norfolk,CHD,35000.51296929732,949670.2273914098,0.036855438824736096
Norfolk,CKD,32880.20806068355,778247.8289822203,0.042249019960240365
Norfolk,COPD,21485.91772481638,949670.2273914098,0.02262460915915487
Norfolk,CVDPP,7388.791621793834,537841.990196234,0.013737848209095764
Norfolk,DEM,9590.108845621475,949631.4722126788,0.010098768971163248
Norfolk,DEP,85936.01883384713,778247.8289822203,0.11042243310364623
Norfolk,DM,59459.24532532933,787483.1004491491,0.0755054239150226
Norfolk,EP,6962.716472374827,778247.8289822203,0.008946657109831651
Norfolk,HF,8840.016645270853,949670.2273914098,0.009308511934245792
Norfolk,HYP,153254.8114722993,949670.2273914098,0.161376872783793
Norfolk,LD,6529.589098919129,949670.2273914098,0.006875638416984865
Norfolk,MH,8642.688621683104,949670.2273914098,0.00910072609670324
Norfolk,OB,88410.15539705368,778247.8289822203,0.11360154452685725
Norfolk,OST,1999.1175424086734,415241.35074909974,0.004814350831877039
Norfolk,PAD,6060.247608279197,949670.2273914098,0.006381423186157699
Norfolk,PC,4660.343961016668,949670.2273914098,0.004907328698529254
Norfolk,RA,7865.8701356881975,796936.5292357826,0.009870133752346785
Norfolk,STIA,22045.569370733945,949670.2273914098,0.023213920722027426
North Wales,AF,207.19079828716124,7925.523979447269,0.026142220858135723
North Wales,AST,540.1800918559771,7925.523979447269,0.06815701942947747
North Wales,CAN,308.7202394685223,7925.523979447269,0.03895265982023471
North Wales,CHD,262.9252475394667,7925.523979447269,0.033174493979362514
North Wales,CKD,238.14670275443984,6353.981561952353,0.037479917187746105
North Wales,COPD,168.7348283283532,7925.523979447269,0.021290053347377654
North Wales,CVDPP,59.732088216026845,4591.417384055324,0.013009509530425019
North Wales,DEM,53.620492224783156,7933.038886821398,0.006759136440621654
North Wales,DEP,843.8111936345534,6353.981561952353,0.1328003843585722
North Wales,DM,397.0630108869711,6435.019317227968,0.061703468367833136
North Wales,EP,50.997232972851485,6353.981561952353,0.008026027849722284
North Wales,HF,77.40509103040739,7925.523979447269,0.009766558177243149
North Wales,HYP,1142.1745709420807,7925.523979447269,0.14411344586225536
North Wales,LD,33.94640659133838,7925.523979447269,0.004283175053077793
North Wales,MH,71.94833345525022,7925.523979447269,0.009078053847522135
North Wales,OB,767.1793059007716,6353.981561952353,0.1207399326580741
North Wales,OST,34.84633406561439,3120.4992719262627,0.011166909852891583
North Wales,PAD,62.67836975862378,7925.523979447269,0.007908419673092077
North Wales,PC,23.40996014474029,7925.523979447269,0.002953742895163496
North Wales,RA,78.87967478777524,6525.1946868311225,0.01208847836325358
North Wales,STIA,155.29653657185645,7925.523979447269,0.019594481951550027
North Yorkshire,AF,23422.506604294456,847220.6633486032,0.027646288172101477
North Yorkshire,AST,61136.87264716513,847220.6633486032,0.07216168737613679
North Yorkshire,CAN,33021.90501058527,847220.6633486032,0.03897674648310349
North Yorkshire,CHD,32469.76556363737,847220.6633486032,0.038325039707249375
North Yorkshire,CKD,32609.929161998523,696584.9948892534,0.04681399886769455
North Yorkshire,COPD,17167.05001435584,847220.6633486032,0.020262784841087105
North Yorkshire,CVDPP,6427.599841447562,487943.74034438777,0.01317282979572809
North Yorkshire,DEM,7886.247669159718,847182.4510615923,0.009308794887426636
North Yorkshire,DEP,77482.78213421238,696584.9948892534,0.11123234451315016
North Yorkshire,DM,44356.0123110236,705488.3596480632,0.0628727769982638
North Yorkshire,EP,5594.766900312966,696584.9948892534,0.008031707460483628
North Yorkshire,HF,9744.785777025061,847220.6633486032,0.01150206339220908
North Yorkshire,HYP,131261.1385733543,847220.6633486032,0.15493146502653785
North Yorkshire,LD,3814.453700911166,847220.6633486032,0.004502314291810002
North Yorkshire,MH,6859.741029174599,847220.6633486032,0.008096758407734968
North Yorkshire,OB,77452.48354981803,696584.9948892534,0.1111888486230339
North Yorkshire,OST,4306.7063436586805,374961.20913536014,0.011485738361015284
North Yorkshire,PAD,6974.945542056616,847220.6633486032,0.008232737755106733
North Yorkshire,PC,4480.988010181062,847220.6633486032,0.005289044760157466
North Yorkshire,RA,6190.276483368057,714336.9254927423,0.008665765778659794
North Yorkshire,STIA,19972.68377777401,847220.6633486032,0.023574358655079113
Northamptonshire,AF,16774.25968270266,820670.7987156519,0.020439693612779135
Northamptonshire,AST,53010.81073131362,820670.7987156519,0.0645944888185073
Northamptonshire,CAN,25715.876918962247,820670.7987156519,0.03133519184453443
Northamptonshire,CHD,24477.841116882715,820670.7987156519,0.029826626163853384
Northamptonshire,CKD,25479.36971250362,645291.695928268,0.03948504199461442
Northamptonshire,COPD,16023.492981174712,820670.7987156519,0.019524872831166218
Northamptonshire,CVDPP,6071.660871579501,468529.19088569144,0.012958980976407986
Northamptonshire,DEM,6158.156244576293,820630.6252644237,0.007504175514522153
Northamptonshire,DEP,88177.44216997626,645291.695928268,0.1366474150006391
Northamptonshire,DM,45431.0438620957,654284.7764591285,0.06943619276603123
Northamptonshire,EP,4898.298612260036,645291.695928268,0.007590828524786318
Northamptonshire,HF,7723.649780111109,820670.7987156519,0.009411386139483219
Northamptonshire,HYP,119346.21374614399,820670.7987156519,0.14542519842660487
Northamptonshire,LD,4437.291128202978,820670.7987156519,0.005406907538500614
Northamptonshire,MH,6633.8963232502065,820670.7987156519,0.008083504778812943
Northamptonshire,OB,70451.78320325776,645291.695928268,0.10917819591946108
Northamptonshire,OST,2797.9824080912654,300215.41839971853,0.009319915755845433
Northamptonshire,PAD,5017.963374006213,820670.7987156519,0.006114465607719094
Northamptonshire,PC,2370.613751002654,820670.7987156519,0.002888629344083718
Northamptonshire,RA,5018.951001444835,663708.419384554,0.007561981820418711
Northamptonshire,STIA,13771.487866657355,820670.7987156519,0.016780769936263977
Northumberland,AF,9356.714156219894,325854.27382900455,0.02871441287625992
Northumberland,AST,26016.366592668826,325854.27382900455,0.07984049522186469
Northumberland,CAN,13579.187334567267,325854.27382900455,0.04167257705416222
Northumberland,CHD,15072.81578352996,325854.27382900455,0.04625630839950124
Northumberland,CKD,15680.235881601582,267370.96445225214,0.05864599364304497
Northumberland,COPD,9231.588394872575,325854.27382900455,0.02833041987264819
Northumberland,CVDPP,2436.3908294773623,193438.44769264912,0.012595173599348254
Northumberland,DEM,3378.3400116535163,325829.1097805513,0.010368441340090385
Northumberland,DEP,34352.13072877928,267370.96445225214,0.1284811565053616
Northumberland,DM,22613.3624815174,270579.8170676379,0.08357372226275342
Northumberland,EP,2492.165585284259,267370.96445225214,0.00932100308793746
Northumberland,HF,5196.66316236816,325854.27382900455,0.01594781342378576
Northumberland,HYP,58151.846265661734,325854.27382900455,0.1784596702763442
Northumberland,LD,2290.3431413540534,325854.27382900455,0.007028734392343539
Northumberland,MH,3141.580766566992,325854.27382900455,0.00964106049508367
Northumberland,OB,39591.3178000904,267370.96445225214,0.14807635481735612
Northumberland,OST,1939.687122772144,154649.11705627572,0.012542503699302114
Northumberland,PAD,3074.717255246191,325854.27382900455,0.009435865975045279
Northumberland,PC,2122.204481500548,325854.27382900455,0.006512740976397925
Northumberland,RA,3295.2177742241024,274074.9225181315,0.0120230546594649
Northumberland,STIA,8801.181658614543,325854.27382900455,0.027009563370750986
Nottinghamshire,AF,25022.853293584027,1225921.4635157287,0.02041146520252843
Nottinghamshire,AST,78175.82540968803,1225921.4635157287,0.06376903230447847
Nottinghamshire,CAN,37922.68714723021,1225921.4635157287,0.030934026588028372
Nottinghamshire,CHD,39778.64167939207,1225921.4635157287,0.03244795271412727
Nottinghamshire,CKD,44592.17227979713,986097.9640325038,0.04522083393970711
Nottinghamshire,COPD,25629.897860148667,1225921.4635157287,0.020906639310031
Nottinghamshire,CVDPP,7752.871074276657,666099.7160321614,0.011639204893314088
Nottinghamshire,DEM,10711.142925501083,1225921.6809968045,0.008737216325917155
Nottinghamshire,DEP,108730.68379578787,986097.9640325038,0.11026357193878547
Nottinghamshire,DM,69632.47644752442,998109.9787624354,0.06976433251760722
Nottinghamshire,EP,8598.804817731807,986097.9640325038,0.008720031002364358
Nottinghamshire,HF,11257.624974012293,1225921.4635157287,0.00918299035382527
Nottinghamshire,HYP,167480.4117613883,1225921.4635157287,0.13661593890450677
Nottinghamshire,LD,7083.653698627026,1225921.4635157287,0.0057782279774369425
Nottinghamshire,MH,9819.451973978308,1225921.4635157287,0.00800985402916255
Nottinghamshire,OB,113602.19442536877,986097.9640325038,0.11520376125796788
Nottinghamshire,OST,3108.721037131524,444703.65366896626,0.006990545302435564
Nottinghamshire,PAD,7263.78045509972,1225921.4635157287,0.005925159703353644
Nottinghamshire,PC,8106.567603871579,1225921.4635157287,0.006612632085438295
Nottinghamshire,RA,6843.1297405183,1010485.256598993,0.0067721223004780255
Nottinghamshire,STIA,22977.079036823838,1225921.4635157287,0.01874270067099534
Outer London,AF,79046.14644378854,6067085.109393282,0.01302868593707486
Outer London,AST,309358.9960820119,6067085.109393282,0.05098972414332066
Outer London,CAN,142054.79652635736,6067085.109393282,0.023414010841289
Outer London,CHD,135996.36046837707,6067085.109393282,0.02241543641077699
Outer London,CKD,127830.38613790847,4723130.272296246,0.027064759760640926
Outer London,COPD,70494.59969362298,6067085.109393282,0.011619187537765158
Outer London,CVDPP,34698.844676278495,3432726.3559031407,0.010108246646752979
Outer London,DEM,35708.682049653624,6066524.718196075,0.005886184217225419
Outer London,DEP,376147.42929595517,4723130.272296246,0.07963943563070164
Outer London,DM,359129.79948537727,4789457.441474381,0.07498339924173607
Outer London,EP,27728.445987078892,4723130.272296246,0.0058707772999024525
Outer London,HF,35475.873388954475,6067085.109393282,0.005847268127824585
Outer London,HYP,733248.2643835187,6067085.109393282,0.12085676254125348
Outer London,LD,25184.48094700016,6067085.109393282,0.004151001756676964
Outer London,MH,59014.13374775331,6067085.109393282,0.00972693355766272
Outer London,OB,417844.71319464786,4723130.272296246,0.08846775106872166
Outer London,OST,10952.899644815003,1808364.3381700313,0.00605679918234771
Outer London,PAD,20504.926680973716,6067085.109393282,0.0033796998577170514
Outer London,PC,20302.3767296144,6067085.109393282,0.0033463148058004858
Outer London,RA,30666.702018987147,4857789.113220894,0.006312892821041791
Outer London,STIA,71500.55340118222,6067085.109393282,0.011784992646713075
Oxfordshire,AF,15858.255372456713,781316.431509379,0.02029684098902296
Oxfordshire,AST,48599.66487095986,781316.431509379,0.0622022818297486
Oxfordshire,CAN,27584.88420687554,781316.431509379,0.035305649663076887
Oxfordshire,CHD,18145.39832367231,781316.431509379,0.02322413505193829
Oxfordshire,CKD,19549.227233869966,628402.2773056998,0.031109415003535746
Oxfordshire,COPD,10888.383292347737,781316.431509379,0.013935945608251338
Oxfordshire,CVDPP,5449.519782243446,424982.64998992364,0.01282292296490846
Oxfordshire,DEM,5789.18560164678,781349.8207222088,0.007409210891346699
Oxfordshire,DEP,73904.11444054227,628402.2773056998,0.11760637589890532
Oxfordshire,DM,32291.00320170685,638150.7519027707,0.05060090128457099
Oxfordshire,EP,4404.934753831018,628402.2773056998,0.007009737095029881
Oxfordshire,HF,5856.930780601288,781316.431509379,0.0074962339769133355
Oxfordshire,HYP,98571.48166440443,781316.431509379,0.12616076878606025
Oxfordshire,LD,3029.6723676784472,781316.431509379,0.0038776509049292646
Oxfordshire,MH,6378.249739050892,781316.431509379,0.008163465507475797
Oxfordshire,OB,57637.469536962526,628402.2773056998,0.09172065668521368
Oxfordshire,OST,4113.542065514998,273714.21439423086,0.015028602276351858
Oxfordshire,PAD,3656.079335031176,781316.431509379,0.004679383649935805
Oxfordshire,PC,2511.1823034147164,781316.431509379,0.0032140400510501385
Oxfordshire,RA,4299.282430475834,647335.0959338321,0.006641509872524027
Oxfordshire,STIA,13503.682683286339,781316.431509379,0.017283244200047572
Shropshire,AF,12771.818889884398,506969.7890118692,0.025192465442127922
Shropshire,AST,36801.3841233174,506969.7890118692,0.07259088198341501
Shropshire,CAN,19367.365784029887,506969.7890118692,0.038202208896468304
Shropshire,CHD,17716.839711142064,506969.7890118692,0.0349465394095254
Shropshire,CKD,22808.656983661775,407515.88003910467,0.05596998325923664
Shropshire,COPD,10050.411391134814,506969.7890118692,0.01982447792544797
Shropshire,CVDPP,3744.560829449125,289544.5849895368,0.01293258801432754
Shropshire,DEM,4934.553507216257,506970.51876518823,0.009733413136596562
Shropshire,DEP,55673.09825087164,407515.88003910467,0.13661577616442658
Shropshire,DM,30197.174566873826,413285.7742792046,0.07306608755053214
Shropshire,EP,3790.9857574618004,407515.88003910467,0.009302670013983314
Shropshire,HF,4619.543106544226,506969.7890118692,0.009112067832578626
Shropshire,HYP,79782.24351814906,506969.7890118692,0.15737080442929746
Shropshire,LD,2454.024717783215,506969.7890118692,0.0048405738783100566
Shropshire,MH,4046.8829808689175,506969.7890118692,0.007982493372547238
Shropshire,OB,46132.86678560148,407515.88003910467,0.11320507750808295
Shropshire,OST,1712.4348508036674,219139.4643805557,0.007814360848440643
Shropshire,PAD,4083.00687532323,506969.7890118692,0.008053747903363998
Shropshire,PC,1824.780647650492,506969.7890118692,0.003599387354436164
Shropshire,RA,3732.4064884098734,419144.09033665765,0.008904829089709925
Shropshire,STIA,11957.246710144376,506969.7890118692,0.02358571845760307
Somerset,AF,17704.524020236033,590044.5658494581,0.03000540136277283
Somerset,AST,42859.28685607709,590044.5658494581,0.07263737238961719
Somerset,CAN,25070.47456724162,590044.5658494581,0.042489120344916476
Somerset,CHD,22544.148861162575,590044.5658494581,0.03820753577944892
Somerset,CKD,21839.2784493777,476829.89225584106,0.045800984384720425
Somerset,COPD,13765.913621778429,590044.5658494581,0.023330294724365982
Somerset,CVDPP,4867.263597640579,337975.3552156992,0.014401238204289315
Somerset,DEM,5641.089379853243,590054.8295823243,0.009560279989312756
Somerset,DEP,67716.35623098821,476829.89225584106,0.1420136558776296
Somerset,DM,35593.77493575882,483570.0760533753,0.07360623971246323
Somerset,EP,4164.19660164651,476829.89225584106,0.008733086304522679
Somerset,HF,6677.424552968063,590044.5658494581,0.011316813914479331
Somerset,HYP,100074.48105834107,590044.5658494581,0.16960495333817502
Somerset,LD,3153.35344856884,590044.5658494581,0.0053442631812549825
Somerset,MH,4677.268131533182,590044.5658494581,0.007926974337607109
Somerset,OB,56709.549713792505,476829.89225584106,0.11893035783789586
Somerset,OST,3589.16880420614,267752.1748254745,0.013404816623975593
Somerset,PAD,4864.5779507276175,590044.5658494581,0.008244424628713129
Somerset,PC,2725.9356040899656,590044.5658494581,0.004619880873177046
Somerset,RA,4540.507374636118,490487.43160985387,0.009257132970224102
Somerset,STIA,13912.542358955387,590044.5658494581,0.0235787992368444
South Wales,AF,19.885476588636834,740.3796821544001,0.02685848500160473
South Wales,AST,47.865735427705324,740.3796821544001,0.06465025524258419
South Wales,CAN,29.586311732659194,740.3796821544001,0.03996099899252666
South Wales,CHD,23.97215828392309,740.3796821544001,0.03237819575784076
South Wales,CKD,23.02829957785445,621.1927033026473,0.03707110443413399
South Wales,COPD,12.863642111390504,740.3796821544001,0.017374385631381894
South Wales,CVDPP,5.37595010967125,461.51129276329993,0.011648577605723874
South Wales,DEM,6.642388412458762,739.438548232492,0.008983016138847933
South Wales,DEP,48.776080615395756,621.1927033026473,0.07852004757311497
South Wales,DM,42.01707465857927,626.6545106987703,0.06704982401184162
South Wales,EP,3.946158540681942,621.1927033026473,0.006352551341478587
South Wales,HF,9.757459789123857,740.3796821544001,0.013178994540653828
South Wales,HYP,129.70433329098094,740.3796821544001,0.17518624081303755
South Wales,LD,2.6676407143932104,740.3796821544001,0.0036030712061556757
South Wales,MH,4.958946393386941,740.3796821544001,0.0066978423542865305
South Wales,OB,60.92332510304026,621.1927033026473,0.09807475969877612
South Wales,OST,4.2780370098234926,408.31214288914487,0.01047736905288404
South Wales,PAD,4.58280745562536,740.3796821544001,0.006189807157173788
South Wales,PC,1.6337874136404233,740.3796821544001,0.0022066886126403864
South Wales,RA,8.200225115755545,635.5350116832525,0.012902869181096347
South Wales,STIA,16.127554026027237,740.3796821544001,0.02178281551311394
South Yorkshire,AF,32362.9697412906,1467159.1135986391,0.022058254923633266
South Yorkshire,AST,101964.04986008034,1467159.1135986391,0.06949760861995638
South Yorkshire,CAN,43967.489363313405,1467159.1135986391,0.029967771699601284
South Yorkshire,CHD,53225.06289092108,1467159.1135986391,0.036277635055117476
South Yorkshire,CKD,49032.66150457337,1171759.1211799383,0.04184534228775488
South Yorkshire,COPD,38817.186163736165,1467159.1135986391,0.026457379982819725
South Yorkshire,CVDPP,9474.426622492825,798339.4975882155,0.011867666138422411
South Yorkshire,DEM,12837.801309921724,1467139.144709139,0.00875022751333298
South Yorkshire,DEP,147031.31179213407,1171759.1211799383,0.12547912718108517
South Yorkshire,DM,87169.02500995845,1186787.0562650424,0.0734495919464184
South Yorkshire,EP,11121.657802850814,1171759.1211799383,0.00949141986763587
South Yorkshire,HF,16394.549012775096,1467159.1135986391,0.01117434970809856
South Yorkshire,HYP,213339.55324559615,1467159.1135986391,0.14540996356033817
South Yorkshire,LD,9558.882031282381,1467159.1135986391,0.006515232017225734
South Yorkshire,MH,12874.504956041083,1467159.1135986391,0.008775125231279499
South Yorkshire,OB,152483.8790560705,1171759.1211799383,0.1301324447148508
South Yorkshire,OST,3162.238117107763,538413.0314062972,0.0058732570213767266
South Yorkshire,PAD,11567.27745139042,1467159.1135986391,0.007884132909768915
South Yorkshire,PC,6801.786973247463,1467159.1135986391,0.0046360254386888415
South Yorkshire,RA,9381.187674387842,1202428.2709822636,0.007801868852205504
South Yorkshire,STIA,30632.488198939885,1467159.1135986391,0.020878777165351005
Staffordshire,AF,28780.03923544708,1174814.1569593519,0.02449752504680011
Staffordshire,AST,80931.39825189405,1174814.1569593519,0.06888868147568147
Staffordshire,CAN,41922.0886460392,1174814.1569593519,0.035684017253028125
Staffordshire,CHD,42090.18224005418,1174814.1569593519,0.03582709826121927
Staffordshire,CKD,39623.70880596919,942351.0934180614,0.042047713514341584
Staffordshire,COPD,27186.272886342413,1174814.1569593519,0.023140913586456764
Staffordshire,CVDPP,8182.9348482604455,667507.7617142363,0.012258935877008728
Staffordshire,DEM,11200.635060996867,1174776.7918562694,0.009534266542071112
Staffordshire,DEP,126001.42237449241,942351.0934180614,0.13370963673153352
Staffordshire,DM,75037.65101896948,954211.800066559,0.07863835996760404
Staffordshire,EP,9376.582376835438,942351.0934180614,0.009950200559353141
Staffordshire,HF,11813.230816145564,1174814.1569593519,0.010055403866361732
Staffordshire,HYP,190750.56559719617,1174814.1569593519,0.16236658748724636
Staffordshire,LD,5994.588481956501,1174814.1569593519,0.005102584478103043
Staffordshire,MH,9022.990653219847,1174814.1569593519,0.007680355739475515
Staffordshire,OB,117672.46252017669,942351.0934180614,0.12487114764557597
Staffordshire,OST,3130.795984595481,480118.9089331111,0.0065208762378314395
Staffordshire,PAD,7771.374842854401,1174814.1569593519,0.006614982290448589
Staffordshire,PC,6492.548722584725,1174814.1569593519,0.00552644746756262
Staffordshire,RA,9233.617417347474,966789.6318005855,0.009550803105066855
Staffordshire,STIA,24927.268270982015,1174814.1569593519,0.0212180523390173
Suffolk,AF,20506.779603286595,779919.4799482935,0.026293457376710398
Suffolk,AST,57164.08252325866,779919.4799482935,0.07329485157499653
Suffolk,CAN,30080.02589050692,779919.4799482935,0.03856811717602071
Suffolk,CHD,28467.572925064494,779919.4799482935,0.03650065635872028
Suffolk,CKD,33699.18697104975,629704.1809792025,0.053515901575636425
Suffolk,COPD,16555.219384177257,779919.4799482935,0.021226831499675865
Suffolk,CVDPP,5653.484322050878,447241.073222029,0.012640798577201013
Suffolk,DEM,7611.506262029946,780012.0909045979,0.009758190098313357
Suffolk,DEP,75240.89529854058,629704.1809792025,0.11948609771264261
Suffolk,DM,45149.30867171866,637848.1687464159,0.07078378661876868
Suffolk,EP,5357.776749577106,629704.1809792025,0.008508402693540413
Suffolk,HF,8923.305143466414,779919.4799482935,0.011441315895915311
Suffolk,HYP,123729.39191578356,779919.4799482935,0.1586438024653346
Suffolk,LD,4194.668187799367,779919.4799482935,0.005378334937957264
Suffolk,MH,6909.61955075308,779919.4799482935,0.008859401166914267
Suffolk,OB,71953.75975877554,629704.1809792025,0.11426597112137007
Suffolk,OST,3438.650764128097,339808.06343986583,0.010119391309666841
Suffolk,PAD,4915.3856203204705,779919.4799482935,0.006302427041117561
Suffolk,PC,3908.694481407767,779919.4799482935,0.005011664129311018
Suffolk,RA,5463.732320679874,646632.660510187,0.008449514932278615
Suffolk,STIA,16040.494443375559,779919.4799482935,0.020566859599966653
Surrey,AF,28613.80589964376,1278016.901081716,0.02238922339401379
Surrey,AST,75679.84852936183,1278016.901081716,0.05921662574673798
Surrey,CAN,45090.839298719446,1278016.901081716,0.03528188027916882
Surrey,CHD,33559.12307610653,1278016.901081716,0.026258747476423844
Surrey,CKD,36849.39787862151,1009638.5586438102,0.03649761349063292
Surrey,COPD,16595.62935806108,1278016.901081716,0.012985453747923448
Surrey,CVDPP,8279.077386784818,723773.227877265,0.011438772626429278
Surrey,DEM,11003.284485310616,1277934.1930242153,0.008610212126237487
Surrey,DEP,104939.56379556128,1009638.5586438102,0.10393775366158815
Surrey,DM,59231.758035572915,1024159.3264852574,0.05783451510308103
Surrey,EP,6870.5674276108,1009638.5586438102,0.006804977255266123
Surrey,HF,8429.915530480424,1278016.901081716,0.006596090805485693
Surrey,HYP,169345.91553937577,1278016.901081716,0.13250678875689442
Surrey,LD,5649.361188456843,1278016.901081716,0.004420411955174624
Surrey,MH,9127.99437628329,1278016.901081716,0.007142311160797121
Surrey,OB,74322.08481150732,1009638.5586438102,0.07361256577932199
Surrey,OST,5233.507634564603,487573.3546483401,0.010733785151855243
Surrey,PAD,5660.174731083378,1278016.901081716,0.00442887314423823
Surrey,PC,4378.535786698542,1278016.901081716,0.003426039032028873
Surrey,RA,7343.2874755318335,1039387.5700940043,0.007065013751191667
Surrey,STIA,20743.623293581768,1278016.901081716,0.01623110248074523
Teesside,AF,16129.95629443746,714716.920971619,0.02256831456083292
Teesside,AST,49478.20927218935,714716.920971619,0.0692277009545631
Teesside,CAN,22218.617906095704,714716.920971619,0.031087297997493463
Teesside,CHD,27628.38175190796,714716.920971619,0.03865639799649443
Teesside,CKD,21604.50639795184,564294.4704672564,0.03828587294159116
Teesside,COPD,21672.280799488115,714716.920971619,0.030322887514718167
Teesside,CVDPP,5479.365636987278,401073.59082060715,0.013661746278971775
Teesside,DEM,6694.203321915756,714733.3907888685,0.009366014528196593
Teesside,DEP,77037.95821592562,564294.4704672564,0.1365208454942601
Teesside,DM,43363.49294026734,572051.5033593067,0.07580347693454209
Teesside,EP,5989.89202932029,564294.4704672564,0.010614833819584377
Teesside,HF,7621.573005330019,714716.920971619,0.01066376460622886
Teesside,HYP,111928.62835308339,714716.920971619,0.15660553859690698
Teesside,LD,4609.083425127222,714716.920971619,0.0064488237089188015
Teesside,MH,6638.111919617463,714716.920971619,0.009287749771746427
Teesside,OB,76482.09385823095,564294.4704672564,0.13553578470280062
Teesside,OST,2049.8815999199196,278941.2620032128,0.007348793022583763
Teesside,PAD,6042.965296449188,714716.920971619,0.0084550471929979
Teesside,PC,5416.8249517509785,714716.920971619,0.0075789795831153655
Teesside,RA,4636.998890490495,580107.9998211135,0.00799333726120032
Teesside,STIA,15824.28488270567,714716.920971619,0.0221406327713543
Tyne and Wear,AF,26148.67410334074,1206775.1824362776,0.021668223281283375
Tyne and Wear,AST,82546.36971824881,1206775.1824362776,0.06840244224413157
Tyne and Wear,CAN,39523.06738346287,1206775.1824362776,0.03275097794410421
Tyne and Wear,CHD,46449.75432793812,1206775.1824362776,0.03849081005640489
Tyne and Wear,CKD,49283.67400949701,980339.032320037,0.05027207158411712
Tyne and Wear,COPD,35030.680594724035,1206775.1824362776,0.02902834024478606
Tyne and Wear,CVDPP,8100.083917274599,675420.7959274593,0.011992648088591804
Tyne and Wear,DEM,10402.360674911039,1206787.9018930362,0.008619874841795567
Tyne and Wear,DEP,120544.74367471813,980339.032320037,0.12296230151057135
Tyne and Wear,DM,72235.40997082119,992125.4425409756,0.07280874662967612
Tyne and Wear,EP,9270.979806538613,980339.032320037,0.009456911844668908
Tyne and Wear,HF,14056.921594649617,1206775.1824362776,0.011648334999955037
Tyne and Wear,HYP,183802.4190950098,1206775.1824362776,0.15230874960814442
Tyne and Wear,LD,8425.051011338468,1206775.1824362776,0.006981458629543323
Tyne and Wear,MH,11619.80685363834,1206775.1824362776,0.009628808267485158
Tyne and Wear,OB,130758.21018883496,980339.032320037,0.13338060189176293
Tyne and Wear,OST,4392.368285269132,450529.6610632961,0.009749343195079972
Tyne and Wear,PAD,10949.754636836657,1206775.1824362776,0.0090735663081262
Tyne and Wear,PC,7065.7272760900705,1206775.1824362776,0.005855048545020247
Tyne and Wear,RA,8786.624618303491,1004113.6413277667,0.008750627674657122
Tyne and Wear,STIA,26405.21214508043,1206775.1824362776,0.02188080475086728
Warwickshire,AF,13972.59316788609,619046.9995096832,0.022571134629443476
Warwickshire,AST,40301.38401972578,619046.9995096832,0.06510230087803759
Warwickshire,CAN,21097.339986471026,619046.9995096832,0.03408035254702986
Warwickshire,CHD,17858.20305745264,619046.9995096832,0.028847895348167823
Warwickshire,CKD,29623.643516260316,497741.47762117774,0.05951612402855916
Warwickshire,COPD,10694.586461192514,619046.9995096832,0.01727588772688208
Warwickshire,CVDPP,3868.2383886431135,357415.80917615566,0.01082279599651569
Warwickshire,DEM,5079.570705664876,619051.7737844039,0.008205405300129111
Warwickshire,DEP,59983.04311416663,497741.47762117774,0.12051043726723265
Warwickshire,DM,34012.41306937854,504090.93415187043,0.06747277279763858
Warwickshire,EP,4057.665660977355,497741.47762117774,0.0081521549708292
Warwickshire,HF,5504.407148855413,619046.9995096832,0.008891743523860358
Warwickshire,HYP,94008.4640747293,619046.9995096832,0.15185997856251432
Warwickshire,LD,2627.9220089122964,619046.9995096832,0.004245109032098927
Warwickshire,MH,4585.73565009709,619046.9995096832,0.007407734232989137
Warwickshire,OB,46449.41660547876,497741.47762117774,0.0933203654786242
Warwickshire,OST,2678.0830162215207,249955.11430976723,0.010714255731941517
Warwickshire,PAD,3406.027654242822,619046.9995096832,0.005502050178646483
Warwickshire,PC,3025.025549841239,619046.9995096832,0.004886584624813969
Warwickshire,RA,4108.757170855318,510589.5874291327,0.00804708374791445
Warwickshire,STIA,11997.433460948452,619046.9995096832,0.019380488832755883
West Midlands,AF,54078.98412558197,3191243.457348678,0.016946054053334877
West Midlands,AST,204454.55727207,3191243.457348678,0.06406736433764074
West Midlands,CAN,80564.42253538096,3191243.457348678,0.0252454642248808
West Midlands,CHD,97549.3987961531,3191243.457348678,0.0305678335419756
West Midlands,CKD,106585.64141887614,2457790.3811103487,0.04336644908290521
West Midlands,COPD,56938.01352910374,3191243.457348678,0.017841952295425463
West Midlands,CVDPP,18074.00292026491,1682978.319664455,0.01073929634688843
West Midlands,DEM,20831.861036752372,3191265.9284815826,0.0065277734615692955
West Midlands,DEP,272309.94682813546,2457790.3811103487,0.1107946181745226
West Midlands,DM,215097.40577133305,2495135.2462006602,0.08620671208058227
West Midlands,EP,20510.461875854933,2457790.3811103487,0.008345081839969192
West Midlands,HF,25830.235884505888,3191243.457348678,0.008094097560944457
West Midlands,HYP,438232.3980002869,3191243.457348678,0.13732339881219074
West Midlands,LD,17935.174029628826,3191243.457348678,0.005620120893104651
West Midlands,MH,33029.94898179487,3191243.457348678,0.010350181496098244
West Midlands,OB,299238.48775680066,2457790.3811103487,0.12175102077729451
West Midlands,OST,6573.4127150102295,1015598.7415758888,0.0064724506302660115
West Midlands,PAD,16703.03624207437,3191243.457348678,0.0052340213040190445
West Midlands,PC,15433.810587398457,3191243.457348678,0.004836299954445044
West Midlands,RA,20045.45638210449,2533971.629544797,0.007910686981805498
West Midlands,STIA,50802.48927311499,3191243.457348678,0.01591933989120413
West of England,AF,26713.10825251658,1247822.7847273212,0.021407774068137427
West of England,AST,86062.48041135714,1247822.7847273212,0.06897011455850587
West of England,CAN,39370.42108832762,1247822.7847273212,0.031551292034574435
West of England,CHD,34117.41959788846,1247822.7847273212,0.02734155844521137
West of England,CKD,46549.133914939535,1007886.6357102008,0.046184890508185965
West of England,COPD,21796.953695838267,1247822.7847273212,0.0174679882132473
West of England,CVDPP,7413.427212749536,676054.1970547315,0.010965729145749782
West of England,DEM,9680.895016308192,1247807.5141150153,0.007758324025780683
West of England,DEP,122899.4665290161,1007886.6357102008,0.12193778761875912
West of England,DM,60395.28258378043,1020004.2596952915,0.05921081408211223
West of England,EP,7911.4702544000365,1007886.6357102008,0.007849563605757379
West of England,HF,11053.816305131999,1247822.7847273212,0.008858482502823924
West of England,HYP,157775.10262780514,1247822.7847273212,0.126440312325506
West of England,LD,6036.887006626919,1247822.7847273212,0.0048379361881471985
West of England,MH,10099.622908192501,1247822.7847273212,0.008093795875349004
West of England,OB,93177.05409545908,1007886.6357102008,0.0924479507854596
West of England,OST,7371.160853463458,426400.54908797145,0.017286940341023578
West of England,PAD,7091.897854493909,1247822.7847273212,0.0056834175023047495
West of England,PC,3343.5033238999267,1247822.7847273212,0.00267946968497659
West of England,RA,7520.119139547658,1032432.6934536605,0.0072838831889288575
West of England,STIA,22477.331073354035,1247822.7847273212,0.018013239819359334
West Sussex,AF,24700.604717644845,907532.4719220232,0.027217323326549976
West Sussex,AST,63320.41882408311,907532.4719220232,0.06977206963182218
West Sussex,CAN,35841.66498844738,907532.4719220232,0.03949353449859473
West Sussex,CHD,32498.27369702309,907532.4719220232,0.0358094885885421
West Sussex,CKD,33592.79097223891,730760.5391903534,0.04596962913385835
West Sussex,COPD,16680.86330121381,907532.4719220232,0.018380458900700423
West Sussex,CVDPP,6661.064517953749,519975.82238871866,0.012810335079337848
West Sussex,DEM,9371.75785438375,907527.1696802848,0.010326696728744056
West Sussex,DEP,87173.18764957404,730760.5391903534,0.1192910440212845
West Sussex,DM,54386.41091735372,740191.2602780705,0.07347615925230214
West Sussex,EP,5587.223332178159,730760.5391903534,0.007645764970243914
West Sussex,HF,8374.458700950332,907532.4719220232,0.009227723481028105
West Sussex,HYP,142690.5489922626,907532.4719220232,0.15722913879881845
West Sussex,LD,4853.9030224745175,907532.4719220232,0.005348462091052951
West Sussex,MH,8134.5345874067225,907532.4719220232,0.008963353752157153
West Sussex,OB,66668.49214335825,730760.5391903534,0.09123165328169423
West Sussex,OST,3693.298483529114,387487.2909860914,0.009531405466564533
West Sussex,PAD,5376.130798533468,907532.4719220232,0.0059238991053924455
West Sussex,PC,4864.474814996703,907532.4719220232,0.005360111032384819
West Sussex,RA,6157.94554511164,749883.1091027291,0.008211873917896238
West Sussex,STIA,19417.277302202478,907532.4719220232,0.021395683243244704
West Yorkshire,AF,45354.09352087691,2526827.4767222456,0.017949026571338938
West Yorkshire,AST,173638.50679038023,2526827.4767222456,0.06871799059887576
West Yorkshire,CAN,71396.03645582499,2526827.4767222456,0.028255208206156845
West Yorkshire,CHD,80753.74498485221,2526827.4767222456,0.0319585510798721
West Yorkshire,CKD,72066.25077832607,1975822.5391087218,0.03647405035213061
West Yorkshire,COPD,56007.78552018164,2526827.4767222456,0.022165259019912953
West Yorkshire,CVDPP,17049.232712928817,1371702.350336785,0.012429250929505831
West Yorkshire,DEM,18656.33606187184,2526889.4011263764,0.007383123318953202
West Yorkshire,DEP,241010.61131474673,1975822.5391087218,0.12197988763882851
West Yorkshire,DM,153539.29050831113,2003724.9698385086,0.0766269287549407
West Yorkshire,EP,16742.052030337403,1975822.5391087218,0.008473459381574629
West Yorkshire,HF,22815.783228431865,2526827.4767222456,0.009029418683553371
West Yorkshire,HYP,345872.17839131295,2526827.4767222456,0.13688001320928012
West Yorkshire,LD,15085.907776557555,2526827.4767222456,0.00597029592068815
West Yorkshire,MH,24509.274846732915,2526827.4767222456,0.009699623370617253
West Yorkshire,OB,233645.87778019355,1975822.5391087218,0.11825246101585084
West Yorkshire,OST,6485.655738404326,851778.0150129999,0.007614255855506369
West Yorkshire,PAD,17839.251434290105,2526827.4767222456,0.007059940418817535
West Yorkshire,PC,12279.750188399987,2526827.4767222456,0.004859750141837564
West Yorkshire,RA,15078.577354569123,2032601.3727412792,0.00741836424829002
West Yorkshire,STIA,45612.68611473532,2526827.4767222456,0.018051365411738858
Wiltshire,AF,18078.70604587984,739684.176136789,0.024441115044938535
Wiltshire,AST,52156.45171882847,739684.176136789,0.07051178516651577
Wiltshire,CAN,26293.43486494156,739684.176136789,0.03554683973674616
Wiltshire,CHD,23977.84424196134,739684.176136789,0.03241632715085572
Wiltshire,CKD,23530.300863950615,585391.3379934904,0.040195847353334556
Wiltshire,COPD,13495.178287380293,739684.176136789,0.018244513973332106
Wiltshire,CVDPP,4697.862447760706,422496.9549536132,0.011119281198787561
Wiltshire,DEM,6182.5686047845575,739699.4238877321,0.008358217412540418
Wiltshire,DEP,63988.40081060894,585391.3379934904,0.10930875921385858
Wiltshire,DM,43400.16686852388,593675.8571405144,0.07310414655829889
Wiltshire,EP,4962.967155157591,585391.3379934904,0.008478033125957836
Wiltshire,HF,7088.3192116791615,739684.176136789,0.009582899621700608
Wiltshire,HYP,112158.88805440627,739684.176136789,0.1516307792877062
Wiltshire,LD,3624.4232915689827,739684.176136789,0.004899960562220709
Wiltshire,MH,5903.369264573998,739684.176136789,0.007980932207318566
Wiltshire,OB,60077.5659968666,585391.3379934904,0.10262804059040359
Wiltshire,OST,2672.843969506242,303731.15550957515,0.008800032268740966
Wiltshire,PAD,4492.369554513541,739684.176136789,0.006073361712259708
Wiltshire,PC,1987.283596269095,739684.176136789,0.0026866650124222594
Wiltshire,RA,5018.10347781009,602321.5077147963,0.00833127061467345
Wiltshire,STIA,14743.210610689384,739684.176136789,0.01993176423982732
Worcestershire,AF,15910.625724297428,623152.0179420019,0.02553249490684994
Worcestershire,AST,43640.83154122306,623152.0179420019,0.07003240025660128
Worcestershire,CAN,24979.382793037996,623152.0179420019,0.040085536231646894
Worcestershire,CHD,21026.202727184558,623152.0179420019,0.03374169082630093
Worcestershire,CKD,28800.6387040522,503333.3124462149,0.05721981436928988
Worcestershire,COPD,12978.169908240507,623152.0179420019,0.020826651498460545
Worcestershire,CVDPP,4588.403093113702,358768.4736608082,0.012789315199004173
Worcestershire,DEM,5097.121512266654,623159.545570782,0.008179480758170772
Worcestershire,DEP,69924.24760098716,503333.3124462149,0.1389223519920691
Worcestershire,DM,38481.90601670351,509876.8005450463,0.07547294949597091
Worcestershire,EP,4390.772172360938,503333.3124462149,0.008723388783908728
Worcestershire,HF,7235.078542089607,623152.0179420019,0.011610455127761444
Worcestershire,HYP,102323.60215865231,623152.0179420019,0.16420327498349815
Worcestershire,LD,3036.9841460371686,623152.0179420019,0.004873584709020115
Worcestershire,MH,4634.703954081903,623152.0179420019,0.007437517364363674
Worcestershire,OB,63218.143064235235,503333.3124462149,0.12559896494232256
Worcestershire,OST,4253.628783101149,268884.53174698417,0.015819536941990186
Worcestershire,PAD,3890.874590414559,623152.0179420019,0.006243861013664712
Worcestershire,PC,4842.230074706713,623152.0179420019,0.0077705438404877146
Worcestershire,RA,5149.345246095024,516678.85263416334,0.009966239608689849
Worcestershire,STIA,13942.537757545133,623152.0179420019,0.02237421585119988
